{"epoch": 199, "train_acc": 0.6678926172581586, "train_loss": 0.7118264276872982, "_timestamp": 1705209975.629699, "_runtime": 275.4905529022217, "_step": 399, "test_mae": 0.702214760130102, "test_loss": 0.8223048673434691, "_wandb": {"runtime": 275}}