{"epoch": 199, "train_acc": 0.6640359942208637, "train_loss": 0.7235203174704855, "_timestamp": 1705189917.055574, "_runtime": 277.81613993644714, "_step": 399, "test_mae": 0.7295236647129059, "test_loss": 0.8836007478562269, "_wandb": {"runtime": 277}}