{"epoch": 199, "train_acc": 0.5604441798546097, "train_loss": 0.519544119997458, "_timestamp": 1705225463.022875, "_runtime": 304.3692190647125, "_step": 399, "test_mae": 0.7034231446006082, "test_loss": 0.8479778815399517, "_wandb": {"runtime": 303}}