{"epoch": 199, "train_acc": 0.5993525136600841, "train_loss": 0.6055549410933798, "_timestamp": 1705235518.7152612, "_runtime": 311.1455092430115, "_step": 399, "test_mae": 0.6868627044287595, "test_loss": 0.790651734308763, "_wandb": {"runtime": 310}}