{"epoch": 99, "train_acc": 0.7426620488817042, "train_loss": 0.8795524613423781, "_timestamp": 1705222009.0438044, "_runtime": 144.75469946861267, "_step": 199, "test_mae": 0.7507525216449391, "test_loss": 0.9243489140814001, "_wandb": {"runtime": 144}}