{"epoch": 149, "train_acc": 0.5939914796840061, "train_loss": 0.5777385202321139, "_timestamp": 1705195328.3163753, "_runtime": 211.80431628227234, "_step": 299, "test_mae": 0.6817949224602092, "test_loss": 0.7931975286115299, "_wandb": {"runtime": 211}}