{"epoch": 199, "train_acc": 0.5905716447667642, "train_loss": 0.5746733628890731, "_timestamp": 1705166937.0733192, "_runtime": 327.68420219421387, "_step": 399, "test_mae": 0.6703533665700392, "test_loss": 0.7756723685698076, "_wandb": {"runtime": 327}}