{"epoch": 99, "train_acc": 0.7055472460660067, "train_loss": 0.7909269886938008, "_timestamp": 1705243270.0231519, "_runtime": 143.98117685317993, "_step": 199, "test_mae": 0.6945279928770932, "test_loss": 0.8108632681044665, "_wandb": {"runtime": 143}}