{"epoch": 149, "train_acc": 0.7174159300598231, "train_loss": 0.8241274297914721, "_timestamp": 1705239096.8214426, "_runtime": 204.88563871383667, "_step": 299, "test_mae": 0.7467098284851421, "test_loss": 0.8780084566636519, "_wandb": {"runtime": 204}}