{"epoch": 199, "train_acc": 0.5646248925815929, "train_loss": 0.5337384358048439, "_timestamp": 1705207177.7517474, "_runtime": 288.19286847114563, "_step": 399, "test_mae": 0.6731422418897802, "test_loss": 0.7832282396880064, "_wandb": {"runtime": 287}}