{"epoch": 149, "train_acc": 0.6172563436356457, "train_loss": 0.6301107852296396, "_timestamp": 1705240750.0215244, "_runtime": 210.9996383190155, "_step": 299, "test_mae": 0.6960097415880724, "test_loss": 0.8264608410271731, "_wandb": {"runtime": 210}}