{"epoch": 149, "train_acc": 0.6789144243706356, "train_loss": 0.7398066263307225, "_timestamp": 1705216848.9848669, "_runtime": 210.6082148551941, "_step": 299, "test_mae": 0.7434034147045829, "test_loss": 0.8833355524323203, "_wandb": {"runtime": 210}}