{"epoch": 99, "train_acc": 0.6964427664875984, "train_loss": 0.7745503628795797, "_timestamp": 1705219614.0963545, "_runtime": 150.03563237190247, "_step": 199, "test_mae": 0.7195782498879866, "test_loss": 0.8662824985655871, "_wandb": {"runtime": 149}}