{"epoch": 199, "train_acc": 0.5895442456007004, "train_loss": 0.5639354659752412, "_timestamp": 1705165881.4294198, "_runtime": 319.8453028202057, "_step": 399, "test_mae": 0.6849682878364216, "test_loss": 0.7782540608536114, "_wandb": {"runtime": 319}}