{"epoch": 199, "train_acc": 0.6057349860668182, "train_loss": 0.6028350568630478, "_timestamp": 1705193911.2172668, "_runtime": 278.9325199127197, "_step": 399, "test_mae": 0.6784474221142855, "test_loss": 0.790882603011348, "_wandb": {"runtime": 278}}