{"epoch": 199, "train_acc": 0.5659211613915184, "train_loss": 0.5324767684733326, "_timestamp": 1705206859.691717, "_runtime": 284.8877558708191, "_step": 399, "test_mae": 0.6672559212554585, "test_loss": 0.7573337289420041, "_wandb": {"runtime": 284}}