{"epoch": 149, "train_acc": 0.6158737631006674, "train_loss": 0.6201192241500725, "_timestamp": 1705242183.6845963, "_runtime": 220.57893419265747, "_step": 299, "test_mae": 0.6847076616503975, "test_loss": 0.7926557001742449, "_wandb": {"runtime": 220}}