{"epoch": 199, "train_acc": 0.6039953113956885, "train_loss": 0.5931287397715178, "_timestamp": 1705192048.1094317, "_runtime": 283.65845584869385, "_step": 399, "test_mae": 0.6803362895141948, "test_loss": 0.8071479060433128, "_wandb": {"runtime": 283}}