{"epoch": 199, "train_acc": 0.6299538403749466, "train_loss": 0.6509885011748834, "_timestamp": 1705212097.8568082, "_runtime": 282.6902632713318, "_step": 399, "test_mae": 0.700587735934691, "test_loss": 0.830057539452206, "_wandb": {"runtime": 282}}