{"epoch": 199, "train_acc": 0.6559493308717554, "train_loss": 0.7015565338459882, "_timestamp": 1705229819.9631865, "_runtime": 296.4636175632477, "_step": 399, "test_mae": 0.7042814308946783, "test_loss": 0.8284415865486319, "_wandb": {"runtime": 295}}