{"epoch": 199, "train_acc": 0.5537060367790135, "train_loss": 0.5103270489045165, "_timestamp": 1705207484.6314864, "_runtime": 286.06390953063965, "_step": 399, "test_mae": 0.6645428630438718, "test_loss": 0.754350347681479, "_wandb": {"runtime": 285}}