{"epoch": 149, "train_acc": 0.6008837457407604, "train_loss": 0.5983636398207057, "_timestamp": 1705237156.1688144, "_runtime": 228.80438446998596, "_step": 299, "test_mae": 0.6737984126264399, "test_loss": 0.7667992732741616, "_wandb": {"runtime": 228}}