{"epoch": 199, "train_acc": 0.5291156071153554, "train_loss": 0.467025305533951, "_timestamp": 1705205928.8748033, "_runtime": 275.2110834121704, "_step": 399, "test_mae": 0.6619881250641563, "test_loss": 0.7750688054344871, "_wandb": {"runtime": 274}}