{"epoch": 149, "train_acc": 0.5967683269218965, "train_loss": 0.5792101077735424, "_timestamp": 1705237904.864647, "_runtime": 223.3430209159851, "_step": 299, "test_mae": 0.6687243998050689, "test_loss": 0.7631469964981079, "_wandb": {"runtime": 222}}