{"epoch": 149, "train_acc": 0.612010211971673, "train_loss": 0.6125652802261439, "_timestamp": 1705194612.110836, "_runtime": 209.6533079147339, "_step": 299, "test_mae": 0.6809736706993796, "test_loss": 0.7958842049945485, "_wandb": {"runtime": 208}}