{"epoch": 149, "train_acc": 0.6403265046802434, "train_loss": 0.679982787641612, "_timestamp": 1705240993.5605083, "_runtime": 218.34728336334229, "_step": 299, "test_mae": 0.7199970109896227, "test_loss": 0.8261778571388938, "_wandb": {"runtime": 217}}