{"epoch": 199, "train_acc": 0.5885722664269534, "train_loss": 0.5730742323804986, "_timestamp": 1705193295.9954047, "_runtime": 297.362087726593, "_step": 399, "test_mae": 0.6645574949004434, "test_loss": 0.7696640274741433, "_wandb": {"runtime": 296}}