{"epoch": 199, "train_acc": 0.5534872353076935, "train_loss": 0.5020077999681234, "_timestamp": 1705167279.74103, "_runtime": 319.2608609199524, "_step": 399, "test_mae": 0.6769477074796503, "test_loss": 0.7690577219833027, "_wandb": {"runtime": 318}}