{"epoch": 149, "train_acc": 0.5829282905567776, "train_loss": 0.5643614159388975, "_timestamp": 1705194376.754477, "_runtime": 212.36477398872375, "_step": 299, "test_mae": 0.6742575797167691, "test_loss": 0.7844256292689931, "_wandb": {"runtime": 211}}