{"epoch": 149, "train_acc": 0.6744440593502739, "train_loss": 0.7282734473997896, "_timestamp": 1705215914.9652436, "_runtime": 209.22500658035278, "_step": 299, "test_mae": 0.7010255856947465, "test_loss": 0.8122619842941111, "_wandb": {"runtime": 208}}