{"epoch": 99, "train_acc": 0.6999294043941932, "train_loss": 0.7989542133428834, "_timestamp": 1705204566.4274242, "_runtime": 138.82886028289795, "_step": 199, "test_mae": 0.7139473459937355, "test_loss": 0.8334443149241534, "_wandb": {"runtime": 138}}