{"epoch": 99, "train_acc": 0.6679621632803571, "train_loss": 0.7374989694492383, "_timestamp": 1705242931.951985, "_runtime": 140.2981288433075, "_step": 199, "test_mae": 0.7171161234378814, "test_loss": 0.8920726364309137, "_wandb": {"runtime": 139}}