{"epoch": 149, "train_acc": 0.6954975915226069, "train_loss": 0.7868166637691585, "_timestamp": 1705197679.8622944, "_runtime": 210.24488854408264, "_step": 299, "test_mae": 0.7258107873526487, "test_loss": 0.87219733487476, "_wandb": {"runtime": 209}}