{"epoch": 99, "train_acc": 0.6939649718728933, "train_loss": 0.7792885805395516, "_timestamp": 1705203421.5527136, "_runtime": 136.4532585144043, "_step": 199, "test_mae": 0.6988463027910753, "test_loss": 0.8021127809177745, "_wandb": {"runtime": 136}}