{"epoch": 149, "train_acc": 0.6728077352046966, "train_loss": 0.7331772858446295, "_timestamp": 1705196278.1958685, "_runtime": 208.59478950500488, "_step": 299, "test_mae": 0.7160365836186843, "test_loss": 0.8676876772533764, "_wandb": {"runtime": 208}}