{"epoch": 99, "train_acc": 0.6838397712870078, "train_loss": 0.7545709043741227, "_timestamp": 1705204397.7773747, "_runtime": 138.5777096748352, "_step": 199, "test_mae": 0.6985993374477734, "test_loss": 0.8212930714542216, "_wandb": {"runtime": 138}}