{"epoch": 99, "train_acc": 0.7328555481000381, "train_loss": 0.8557619904929942, "_timestamp": 1705221499.1708772, "_runtime": 143.99892830848694, "_step": 199, "test_mae": 0.7349772913889452, "test_loss": 0.8934240129860964, "_wandb": {"runtime": 143}}