{"epoch": 199, "train_acc": 0.6489760553294962, "train_loss": 0.6907230432060631, "_timestamp": 1705209348.491036, "_runtime": 293.08765387535095, "_step": 399, "test_mae": 0.6997455976226113, "test_loss": 0.8253645105795426, "_wandb": {"runtime": 292}}