{"epoch": 149, "train_acc": 0.6129919239065864, "train_loss": 0.615419602394104, "_timestamp": 1705214214.9069228, "_runtime": 221.23513293266296, "_step": 299, "test_mae": 0.6941629583185369, "test_loss": 0.798677857355638, "_wandb": {"runtime": 220}}