{"epoch": 99, "train_acc": 0.6900232896208763, "train_loss": 0.7613835632801056, "_timestamp": 1705201086.4292955, "_runtime": 143.4625334739685, "_step": 199, "test_mae": 0.680851793831045, "test_loss": 0.7964389204978943, "_wandb": {"runtime": 143}}