{"epoch": 199, "train_acc": 0.607501934333281, "train_loss": 0.6093196170573885, "_timestamp": 1705206243.518791, "_runtime": 284.3071708679199, "_step": 399, "test_mae": 0.6732339609753002, "test_loss": 0.7598009700124914, "_wandb": {"runtime": 283}}