{"epoch": 149, "train_acc": 0.6156392253258012, "train_loss": 0.6200131013989448, "_timestamp": 1705241237.6537342, "_runtime": 218.78166723251343, "_step": 299, "test_mae": 0.703873732956973, "test_loss": 0.8274148038842462, "_wandb": {"runtime": 218}}