{"epoch": 99, "train_acc": 0.6995770602063699, "train_loss": 0.7875390356237238, "_timestamp": 1705222845.7387283, "_runtime": 144.61994433403015, "_step": 199, "test_mae": 0.7017879811200228, "test_loss": 0.7946571239016272, "_wandb": {"runtime": 144}}