{"epoch": 199, "train_acc": 0.6417273036458275, "train_loss": 0.6609206948090683, "_timestamp": 1705227802.2746286, "_runtime": 300.6134855747223, "_step": 399, "test_mae": 0.6896810195662758, "test_loss": 0.8035557779398832, "_wandb": {"runtime": 300}}