{"epoch": 199, "train_acc": 0.603624766658653, "train_loss": 0.5940467115830291, "_timestamp": 1705234114.8659923, "_runtime": 329.535254240036, "_step": 399, "test_mae": 0.6824005641720512, "test_loss": 0.7562063374302604, "_wandb": {"runtime": 329}}