{"epoch": 149, "train_acc": 0.6878955003890124, "train_loss": 0.7647229786623608, "_timestamp": 1705239795.7616014, "_runtime": 217.212233543396, "_step": 299, "test_mae": 0.7250601936470379, "test_loss": 0.8554333675991405, "_wandb": {"runtime": 216}}