{"epoch": 149, "train_acc": 0.657193704762242, "train_loss": 0.7136998847126961, "_timestamp": 1705196511.4850132, "_runtime": 211.72068428993225, "_step": 299, "test_mae": 0.7147218205712058, "test_loss": 0.8849979774518446, "_wandb": {"runtime": 211}}