{"epoch": 199, "train_acc": 0.581534871188077, "train_loss": 0.5593923412940719, "_timestamp": 1705192972.213628, "_runtime": 278.0169551372528, "_step": 399, "test_mae": 0.672962711615996, "test_loss": 0.784756555611437, "_wandb": {"runtime": 277}}