{"epoch": 199, "train_acc": 0.614607300948013, "train_loss": 0.6243927730755372, "_timestamp": 1705165534.3173664, "_runtime": 301.79203629493713, "_step": 399, "test_mae": 0.7053270074454221, "test_loss": 0.8339590890841051, "_wandb": {"runtime": 301}}