{"epoch": 149, "train_acc": 0.6455152351747859, "train_loss": 0.6842935619029131, "_timestamp": 1705218961.908419, "_runtime": 205.62764191627502, "_step": 299, "test_mae": 0.7259135083718733, "test_loss": 0.8560024564916437, "_wandb": {"runtime": 205}}