{"epoch": 149, "train_acc": 0.6256108949130231, "train_loss": 0.6438881572674621, "_timestamp": 1705237658.8851213, "_runtime": 229.78037643432617, "_step": 299, "test_mae": 0.6840626608241688, "test_loss": 0.7977595464749769, "_wandb": {"runtime": 229}}