{"epoch": 199, "train_acc": 0.6525893178853122, "train_loss": 0.7091309567066756, "_timestamp": 1705190517.3086934, "_runtime": 271.6663134098053, "_step": 399, "test_mae": 0.6952691479162736, "test_loss": 0.8146612086079338, "_wandb": {"runtime": 271}}