{"epoch": 149, "train_acc": 0.64432176026431, "train_loss": 0.677841362153942, "_timestamp": 1705199084.6321247, "_runtime": 207.04571056365967, "_step": 299, "test_mae": 0.6904346027157523, "test_loss": 0.777531960606575, "_wandb": {"runtime": 206}}