{"loss": 1.7498579025268555, "_timestamp": 1705152558.2530453, "_runtime": 33.54697227478027, "_step": 1678, "gradients/lin_final.bias": {"_type": "histogram", "values": [1.0], "bins": [-0.7562163472175598, -0.7562163472175598]}, "gradients/lin_final.weight": {"_type": "histogram", "values": [1.0, 0.0, 0.0, 0.0, 0.0, 0.0, 0.0, 0.0, 1.0, 0.0, 0.0, 0.0, 0.0, 0.0, 0.0, 0.0, 0.0, 0.0, 0.0, 0.0, 0.0, 0.0, 0.0, 0.0, 0.0, 0.0, 1.0, 2.0, 0.0, 0.0, 1.0, 1.0, 0.0, 1.0, 2.0, 1.0, 2.0, 2.0, 2.0, 5.0, 2.0, 5.0, 3.0, 1.0, 6.0, 9.0, 10.0, 15.0, 159.0, 7.0, 3.0, 3.0, 4.0, 2.0, 1.0, 0.0, 0.0, 0.0, 2.0, 0.0, 1.0, 0.0, 0.0, 1.0], "bins": [-15.804391860961914, -15.47693920135498, -15.149486541748047, -14.822033882141113, -14.49458122253418, -14.167128562927246, -13.839675903320312, -13.512223243713379, -13.184770584106445, -12.857317924499512, -12.529865264892578, -12.202412605285645, -11.874959945678711, -11.547507286071777, -11.220054626464844, -10.89260196685791, -10.565149307250977, -10.237696647644043, -9.91024398803711, -9.582791328430176, -9.255338668823242, -8.927886009216309, -8.600433349609375, -8.272980690002441, -7.945528030395508, -7.618075370788574, -7.290622711181641, -6.963170051574707, -6.635717391967773, -6.30826473236084, -5.980812072753906, -5.653359413146973, -5.325906276702881, -4.998453617095947, -4.671000957489014, -4.34354829788208, -4.0160956382751465, -3.688642978668213, -3.3611903190612793, -3.0337376594543457, -2.706284999847412, -2.3788323402404785, -2.051379680633545, -1.7239270210266113, -1.3964743614196777, -1.0690217018127441, -0.7415690422058105, -0.41411638259887695, -0.08666372299194336, 0.24078893661499023, 0.5682415962219238, 0.8956942558288574, 1.223146915435791, 1.5505995750427246, 1.8780522346496582, 2.205504894256592, 2.5329575538635254, 2.860410213470459, 3.1878628730773926, 3.515315532684326, 3.8427681922912598, 4.170220851898193, 4.497673511505127, 4.8251261711120605, 5.152578830718994]}, "gradients/lins.0.bias": {"_type": "histogram", "values": [2.0, 0.0, 0.0, 0.0, 0.0, 2.0, 0.0, 2.0, 1.0, 2.0, 0.0, 0.0, 0.0, 0.0, 0.0, 1.0, 1.0, 3.0, 0.0, 2.0, 2.0, 0.0, 3.0, 3.0, 1.0, 4.0, 1.0, 6.0, 2.0, 8.0, 4.0, 5.0, 4.0, 11.0, 7.0, 4.0, 145.0, 9.0, 5.0, 5.0, 3.0, 0.0, 2.0, 0.0, 1.0, 0.0, 0.0, 1.0, 1.0, 0.0, 0.0, 0.0, 1.0, 1.0, 0.0, 0.0, 0.0, 0.0, 0.0, 0.0, 0.0, 0.0, 0.0, 1.0], "bins": [-0.08996220678091049, -0.08746381103992462, -0.08496541529893875, -0.08246701955795288, -0.07996862381696701, -0.07747022807598114, -0.07497183233499527, -0.0724734365940094, -0.06997504830360413, -0.06747665256261826, -0.06497825682163239, -0.062479857355356216, -0.059981465339660645, -0.057483069598674774, -0.054984673857688904, -0.05248627811670303, -0.04998788237571716, -0.04748948663473129, -0.04499109089374542, -0.04249269515275955, -0.03999429941177368, -0.03749590739607811, -0.03499751165509224, -0.03249911591410637, -0.0300007201731205, -0.02750232443213463, -0.025003928691148758, -0.022505534812808037, -0.020007139071822166, -0.017508743330836296, -0.015010348521173, -0.012511953711509705, -0.010013557970523834, -0.007515162695199251, -0.005016767419874668, -0.002518372144550085, -1.9976869225502014e-05, 0.002478418406099081, 0.004976813681423664, 0.007475208956748247, 0.00997360423207283, 0.0124719999730587, 0.014970394782721996, 0.017468789592385292, 0.019967185333371162, 0.022465581074357033, 0.024963974952697754, 0.027462370693683624, 0.029960766434669495, 0.032459162175655365, 0.034957557916641235, 0.037455953657627106, 0.039954349398612976, 0.04245274141430855, 0.04495113715529442, 0.04744953289628029, 0.04994792863726616, 0.05244632437825203, 0.0549447201192379, 0.05744311586022377, 0.05994150787591934, 0.06243990361690521, 0.06493829935789108, 0.06743669509887695, 0.06993509083986282]}, "gradients/lins.0.weight": {"_type": "histogram", "values": [1.0, 0.0, 0.0, 1.0, 3.0, 2.0, 0.0, 2.0, 7.0, 2.0, 9.0, 10.0, 9.0, 16.0, 19.0, 20.0, 36.0, 30.0, 37.0, 38.0, 67.0, 86.0, 119.0, 155.0, 154.0, 308.0, 373.0, 584.0, 941.0, 1503.0, 2790.0, 6321.0, 47593.0, 2396.0, 808.0, 370.0, 219.0, 118.0, 85.0, 73.0, 55.0, 39.0, 31.0, 27.0, 15.0, 17.0, 6.0, 9.0, 10.0, 2.0, 4.0, 6.0, 3.0, 2.0, 0.0, 0.0, 2.0, 0.0, 1.0, 0.0, 1.0, 0.0, 0.0, 1.0], "bins": [-1.274056077003479, -1.234683632850647, -1.1953113079071045, -1.1559388637542725, -1.1165664196014404, -1.077194094657898, -1.037821650505066, -0.9984492659568787, -0.9590768814086914, -0.9197044372558594, -0.8803320527076721, -0.8409596681594849, -0.8015872240066528, -0.7622148394584656, -0.7228424549102783, -0.6834700107574463, -0.644097626209259, -0.6047252416610718, -0.5653527975082397, -0.5259804129600525, -0.48660802841186523, -0.4472356140613556, -0.40786319971084595, -0.3684908151626587, -0.32911840081214905, -0.2897459864616394, -0.25037360191345215, -0.2110011875629425, -0.17162878811359406, -0.1322563886642456, -0.09288398176431656, -0.05351157858967781, -0.014139175415039062, 0.025233227759599686, 0.06460563093423843, 0.10397803783416748, 0.14335043728351593, 0.18272283673286438, 0.22209525108337402, 0.2614676356315613, 0.3008400499820709, 0.34021246433258057, 0.3795848488807678, 0.41895726323127747, 0.4583296775817871, 0.49770206212997437, 0.5370744466781616, 0.5764468908309937, 0.6158192753791809, 0.6551916599273682, 0.6945641040802002, 0.7339364886283875, 0.7733088731765747, 0.8126813173294067, 0.852053701877594, 0.8914260864257812, 0.9307985305786133, 0.9701709151268005, 1.0095432996749878, 1.0489157438278198, 1.0882880687713623, 1.1276605129241943, 1.1670329570770264, 1.2064052820205688, 1.2457777261734009]}, "gradients/convs.0.nn.3.bias": {"_type": "histogram", "values": [2.0, 0.0, 0.0, 3.0, 2.0, 1.0, 1.0, 3.0, 1.0, 2.0, 0.0, 7.0, 4.0, 7.0, 4.0, 3.0, 5.0, 4.0, 1.0, 12.0, 11.0, 9.0, 11.0, 24.0, 19.0, 35.0, 23.0, 18.0, 9.0, 6.0, 2.0, 6.0, 3.0, 3.0, 1.0, 3.0, 0.0, 2.0, 3.0, 0.0, 3.0, 0.0, 2.0, 0.0, 0.0, 0.0, 0.0, 0.0, 0.0, 0.0, 0.0, 0.0, 0.0, 0.0, 0.0, 0.0, 0.0, 0.0, 0.0, 0.0, 0.0, 0.0, 0.0, 1.0], "bins": [-0.5301654934883118, -0.5091234445571899, -0.4880813956260681, -0.4670393168926239, -0.4459972679615021, -0.42495521903038025, -0.40391314029693604, -0.3828710913658142, -0.3618290424346924, -0.34078699350357056, -0.31974494457244873, -0.2987028658390045, -0.2776608169078827, -0.25661876797676086, -0.23557670414447784, -0.21453464031219482, -0.193492591381073, -0.17245054244995117, -0.15140847861766815, -0.13036641478538513, -0.1093243658542633, -0.08828230947256088, -0.06724025309085846, -0.046198196709156036, -0.025156140327453613, -0.00411408394575119, 0.016927972435951233, 0.037970028817653656, 0.05901208519935608, 0.0800541415810585, 0.10109619796276093, 0.12213825434446335, 0.143180251121521, 0.16422230005264282, 0.18526436388492584, 0.20630642771720886, 0.2273484766483307, 0.24839052557945251, 0.26943260431289673, 0.29047465324401855, 0.3115167021751404, 0.3325587511062622, 0.35360080003738403, 0.37464287877082825, 0.3956849277019501, 0.4167269766330719, 0.4377690553665161, 0.45881110429763794, 0.47985315322875977, 0.5008952021598816, 0.5219372510910034, 0.5429793000221252, 0.5640213489532471, 0.5850634574890137, 0.6061055064201355, 0.6271475553512573, 0.6481896042823792, 0.669231653213501, 0.6902737021446228, 0.7113157510757446, 0.7323578596115112, 0.7533999085426331, 0.7744419574737549, 0.7954840064048767, 0.8165260553359985]}, "gradients/convs.0.nn.3.weight": {"_type": "histogram", "values": [4.0, 2.0, 1.0, 5.0, 7.0, 8.0, 23.0, 31.0, 53.0, 70.0, 104.0, 185.0, 226.0, 290.0, 353.0, 457.0, 541.0, 689.0, 887.0, 1034.0, 1162.0, 1397.0, 1593.0, 1874.0, 2300.0, 2960.0, 3887.0, 5576.0, 14176.0, 8862.0, 4678.0, 3193.0, 2244.0, 1518.0, 1108.0, 838.0, 665.0, 551.0, 429.0, 301.0, 267.0, 178.0, 129.0, 120.0, 102.0, 78.0, 69.0, 46.0, 36.0, 34.0, 22.0, 25.0, 31.0, 27.0, 25.0, 20.0, 12.0, 11.0, 10.0, 5.0, 2.0, 3.0, 1.0, 1.0],