{"epoch": 149, "train_acc": 0.6132973828098991, "train_loss": 0.6091311034153808, "_timestamp": 1705236127.330388, "_runtime": 228.70559310913086, "_step": 299, "test_mae": 0.6852162837982178, "test_loss": 0.7809364091266285, "_wandb": {"runtime": 228}}