{"epoch": 199, "train_acc": 0.6662217873063955, "train_loss": 0.7131004855036736, "_timestamp": 1705190812.118006, "_runtime": 269.3883819580078, "_step": 399, "test_mae": 0.7202183788472956, "test_loss": 0.9060338846661827, "_wandb": {"runtime": 268}}