{"epoch": 149, "train_acc": 0.6448737120086496, "train_loss": 0.6830286125567826, "_timestamp": 1705218735.0876539, "_runtime": 211.08075594902039, "_step": 299, "test_mae": 0.6902966152537953, "test_loss": 0.8069326189431277, "_wandb": {"runtime": 210}}