{"epoch": 149, "train_acc": 0.6801487779075449, "train_loss": 0.7467231620441783, "_timestamp": 1705196983.101592, "_runtime": 205.3330671787262, "_step": 299, "test_mae": 0.7102162664586847, "test_loss": 0.8694802127101204, "_wandb": {"runtime": 204}}