{"epoch": 199, "train_acc": 0.6464215141805736, "train_loss": 0.6763942974534902, "_timestamp": 1705228137.8194804, "_runtime": 310.98448753356934, "_step": 399, "test_mae": 0.7031052947044373, "test_loss": 0.8286293896761807, "_wandb": {"runtime": 310}}