{"epoch": 149, "train_acc": 0.6567996547980742, "train_loss": 0.7065143343399871, "_timestamp": 1705241472.1558242, "_runtime": 209.57799124717712, "_step": 299, "test_mae": 0.6936715418642218, "test_loss": 0.8182551454414021, "_wandb": {"runtime": 209}}