{"epoch": 99, "train_acc": 0.6812054655768655, "train_loss": 0.7481787644326687, "_timestamp": 1705203914.4946015, "_runtime": 141.88082242012024, "_step": 199, "test_mae": 0.7209895719181407, "test_loss": 0.8615993385965174, "_wandb": {"runtime": 141}}