{"epoch": 199, "train_acc": 0.5903988653963262, "train_loss": 0.5749818854711273, "_timestamp": 1705234461.9891448, "_runtime": 321.6052508354187, "_step": 399, "test_mae": 0.6936535011638295, "test_loss": 0.8254202720793811, "_wandb": {"runtime": 321}}