{"epoch": 199, "train_acc": 0.5964718672362241, "train_loss": 0.5871211026879875, "_timestamp": 1705211188.026059, "_runtime": 275.5553560256958, "_step": 399, "test_mae": 0.6814721795645627, "test_loss": 0.7893378685821186, "_wandb": {"runtime": 275}}