{"epoch": 149, "train_acc": 0.5986624752256003, "train_loss": 0.5868117029693993, "_timestamp": 1705195574.3088078, "_runtime": 213.10570788383484, "_step": 299, "test_mae": 0.6758997153152119, "test_loss": 0.7751929722049019, "_wandb": {"runtime": 212}}