{"epoch": 99, "train_acc": 0.7280839076096361, "train_loss": 0.845484627715566, "_timestamp": 1705201598.934736, "_runtime": 146.27078795433044, "_step": 199, "test_mae": 0.7115805533799258, "test_loss": 0.851206612586975, "_wandb": {"runtime": 145}}