{"epoch": 99, "train_acc": 0.672566426477649, "train_loss": 0.7339650537480008, "_timestamp": 1705221008.3368418, "_runtime": 143.64267492294312, "_step": 199, "test_mae": 0.7024215947497975, "test_loss": 0.8216604845090346, "_wandb": {"runtime": 143}}