{"epoch": 199, "train_acc": 0.5724887869574807, "train_loss": 0.5532494456253269, "_timestamp": 1705205024.6251705, "_runtime": 274.9896125793457, "_step": 399, "test_mae": 0.6759720612655986, "test_loss": 0.7640731892802498, "_wandb": {"runtime": 274}}