{"epoch": 199, "train_acc": 0.6544759579680183, "train_loss": 0.7004585681991143, "_timestamp": 1705208722.90765, "_runtime": 284.173043012619, "_step": 399, "test_mae": 0.7244391446763819, "test_loss": 0.8719821333885193, "_wandb": {"runtime": 283}}