{"epoch": 199, "train_acc": 0.6169496543028138, "train_loss": 0.6233413558791984, "_timestamp": 1705193608.1412394, "_runtime": 278.4537284374237, "_step": 399, "test_mae": 0.6840566505085338, "test_loss": 0.7839643665335395, "_wandb": {"runtime": 278}}