{"epoch": 149, "train_acc": 0.6218458350409161, "train_loss": 0.6335841204632412, "_timestamp": 1705198383.589921, "_runtime": 206.8689169883728, "_step": 299, "test_mae": 0.6962028915231878, "test_loss": 0.8523552889173681, "_wandb": {"runtime": 206}}