{"epoch": 149, "train_acc": 0.6517842846837911, "train_loss": 0.7006626440720125, "_timestamp": 1705197919.6765444, "_runtime": 213.37231254577637, "_step": 299, "test_mae": 0.712707347761501, "test_loss": 0.8224733146754178, "_wandb": {"runtime": 212}}