{"epoch": 199, "train_acc": 0.644527852806178, "train_loss": 0.674845968525518, "_timestamp": 1705168991.3382125, "_runtime": 311.7267096042633, "_step": 399, "test_mae": 0.7062906276095997, "test_loss": 0.819606173580343, "_wandb": {"runtime": 311}}