{"epoch": 149, "train_acc": 0.6467667995528741, "train_loss": 0.6756709427996115, "_timestamp": 1705218499.386187, "_runtime": 207.28820610046387, "_step": 299, "test_mae": 0.6958796246485277, "test_loss": 0.8038035669110039, "_wandb": {"runtime": 206}}