{"epoch": 199, "train_acc": 0.6237474758516658, "train_loss": 0.6431733919138258, "_timestamp": 1705233350.0543723, "_runtime": 358.72455525398254, "_step": 399, "test_mae": 0.7167357282205061, "test_loss": 0.8345800042152405, "_wandb": {"runtime": 358}}