{"epoch": 149, "train_acc": 0.6414042375304482, "train_loss": 0.666785577820106, "_timestamp": 1705200239.7611206, "_runtime": 207.34764766693115, "_step": 299, "test_mae": 0.6847088147293438, "test_loss": 0.7973041759295897, "_wandb": {"runtime": 206}}