{"epoch": 99, "train_acc": 0.7144273581829939, "train_loss": 0.8187854367223653, "_timestamp": 1705203749.2664926, "_runtime": 138.99340152740479, "_step": 199, "test_mae": 0.736697046323256, "test_loss": 0.8897154119881716, "_wandb": {"runtime": 138}}