{"epoch": 199, "train_acc": 0.5920336150310256, "train_loss": 0.5727989933707497, "_timestamp": 1705212406.6759079, "_runtime": 277.98848485946655, "_step": 399, "test_mae": 0.6875783627683466, "test_loss": 0.8091198279099031, "_wandb": {"runtime": 277}}