{"epoch": 99, "train_acc": 0.7420717712153088, "train_loss": 0.8650257392363114, "_timestamp": 1705203263.3454115, "_runtime": 137.0701584815979, "_step": 199, "test_mae": 0.744231874292547, "test_loss": 0.8955442374402827, "_wandb": {"runtime": 136}}