{"epoch": 149, "train_acc": 0.6192902942950075, "train_loss": 0.6232620363885706, "_timestamp": 1705194851.8057861, "_runtime": 214.3254201412201, "_step": 299, "test_mae": 0.6908378769050945, "test_loss": 0.8041188524527983, "_wandb": {"runtime": 213}}