{"epoch": 199, "train_acc": 0.5984810523011468, "train_loss": 0.5868371040306308, "_timestamp": 1705235873.3205585, "_runtime": 325.9605014324188, "_step": 399, "test_mae": 0.683154247565703, "test_loss": 0.763840849833055, "_wandb": {"runtime": 325}}