{"epoch": 199, "train_acc": 0.5752001282843676, "train_loss": 0.5528408467769623, "_timestamp": 1705206550.0342963, "_runtime": 283.03789830207825, "_step": 399, "test_mae": 0.6656969037922946, "test_loss": 0.7654726824977182, "_wandb": {"runtime": 282}}