{"epoch": 149, "train_acc": 0.6592298381707885, "train_loss": 0.7166971134868535, "_timestamp": 1705198152.7463088, "_runtime": 209.3401918411255, "_step": 299, "test_mae": 0.7004287340424278, "test_loss": 0.817688769643957, "_wandb": {"runtime": 208}}