{"epoch": 199, "train_acc": 0.6882610556754198, "train_loss": 0.762299864535982, "_timestamp": 1705189616.428493, "_runtime": 20275.354953050613, "_step": 399, "test_mae": 0.7109686092896895, "test_loss": 0.8413484394550323, "_wandb": {"runtime": 20274}}