{"epoch": 199, "train_acc": 0.6621381854469126, "train_loss": 0.709148614785888, "_timestamp": 1705169315.5863733, "_runtime": 301.92047333717346, "_step": 399, "test_mae": 0.7136505208232186, "test_loss": 0.8445508287711577, "_wandb": {"runtime": 301}}