{"epoch": 149, "train_acc": 0.6294725709340789, "train_loss": 0.6444455235519192, "_timestamp": 1705213258.8341541, "_runtime": 215.1355140209198, "_step": 299, "test_mae": 0.677244936878031, "test_loss": 0.786026154593988, "_wandb": {"runtime": 214}}