{"epoch": 199, "train_acc": 0.5975300802425905, "train_loss": 0.5876118712804534, "_timestamp": 1705192666.4183328, "_runtime": 283.60702991485596, "_step": 399, "test_mae": 0.6922359471971339, "test_loss": 0.7910417979413813, "_wandb": {"runtime": 283}}