{"epoch": 149, "train_acc": 0.6384752330454913, "train_loss": 0.6649978114122694, "_timestamp": 1705198852.847672, "_runtime": 208.17055201530457, "_step": 299, "test_mae": 0.6950238254937259, "test_loss": 0.8090212767774408, "_wandb": {"runtime": 207}}