{"epoch": 199, "train_acc": 0.5983153540979732, "train_loss": 0.5919127550314773, "_timestamp": 1705233753.458552, "_runtime": 363.6815559864044, "_step": 399, "test_mae": 0.675401611219753, "test_loss": 0.7684782063419169, "_wandb": {"runtime": 363}}