{"epoch": 199, "train_acc": 0.577052893963727, "train_loss": 0.550910419022495, "_timestamp": 1705225799.939208, "_runtime": 310.8167791366577, "_step": 399, "test_mae": 0.664897498217496, "test_loss": 0.7468194755640897, "_wandb": {"runtime": 310}}