{"epoch": 99, "train_acc": 0.6687117992476983, "train_loss": 0.7347257184034044, "_timestamp": 1705243806.3863366, "_runtime": 157.90011262893677, "_step": 199, "test_mae": 0.7090804842385379, "test_loss": 0.8146320245482704, "_wandb": {"runtime": 157}}