{"epoch": 199, "train_acc": 0.6271526931361718, "train_loss": 0.6472870875827291, "_timestamp": 1705207789.439737, "_runtime": 281.4261441230774, "_step": 399, "test_mae": 0.7019223207777197, "test_loss": 0.8309892201965505, "_wandb": {"runtime": 280}}