{"epoch": 75, "train_acc": 0.803837669708512, "train_loss": 1.0167017258026383, "_timestamp": 1705239931.2411785, "_runtime": 109.6710045337677, "_step": 151, "test_mae": 0.7788061738014221, "test_loss": 0.9559766357595271}