{"epoch": 149, "train_acc": 0.6936733419244939, "train_loss": 0.7788993982428855, "_timestamp": 1705240037.168867, "_runtime": 215.5986931324005, "_step": 299, "test_mae": 0.7187756988135251, "test_loss": 0.8438854298808358, "_wandb": {"runtime": 214}}