{"epoch": 199, "train_acc": 0.6720375899564136, "train_loss": 0.7264435388825157, "_timestamp": 1705230144.3981485, "_runtime": 297.884738445282, "_step": 399, "test_mae": 0.7389379788528789, "test_loss": 0.8925647383386438, "_wandb": {"runtime": 296}}