{"epoch": 99, "train_acc": 0.7283209375359795, "train_loss": 0.8365664459764958, "_timestamp": 1705202603.331675, "_runtime": 141.38100600242615, "_step": 199, "test_mae": 0.7414200408892198, "test_loss": 0.8953218251466751, "_wandb": {"runtime": 140}}