{"epoch": 199, "train_acc": 0.5807851049033078, "train_loss": 0.5565196555107832, "_timestamp": 1705226139.3525684, "_runtime": 310.3604233264923, "_step": 399, "test_mae": 0.7270598357374017, "test_loss": 0.8723113623532381, "_wandb": {"runtime": 309}}