{"epoch": 149, "train_acc": 0.6879114793105559, "train_loss": 0.7629199252887205, "_timestamp": 1705216613.1382263, "_runtime": 210.94093918800354, "_step": 299, "test_mae": 0.7279822051525116, "test_loss": 0.8735771824013103, "_wandb": {"runtime": 210}}