{"epoch": 149, "train_acc": 0.6558129433881152, "train_loss": 0.6943551675839857, "_timestamp": 1705200009.9848022, "_runtime": 206.39751315116882, "_step": 299, "test_mae": 0.7161859701980244, "test_loss": 0.8286237770860846, "_wandb": {"runtime": 205}}