{"epoch": 0, "train_acc": 1.5462822846390984, "train_loss": 3.7985979383642023, "_timestamp": 1705165097.1066704, "_runtime": 8.505393266677856, "_step": 0, "_wandb": {"runtime": 8}}