{"epoch": 199, "train_acc": 0.5799503915689208, "train_loss": 0.5515209100463173, "_timestamp": 1705227141.8249536, "_runtime": 310.2985806465149, "_step": 399, "test_mae": 0.6693644810806622, "test_loss": 0.7680249774997885, "_wandb": {"runtime": 309}}