{"epoch": 99, "train_acc": 0.6865577613765543, "train_loss": 0.761724680391225, "_timestamp": 1705224134.2135744, "_runtime": 155.9437313079834, "_step": 199, "test_mae": 0.7032346682115035, "test_loss": 0.8187934165651148, "_wandb": {"runtime": 155}}