{"epoch": 149, "train_acc": 0.6864831454374574, "train_loss": 0.7516535748134959, "_timestamp": 1705239553.9215353, "_runtime": 207.69277715682983, "_step": 299, "test_mae": 0.7252838844602758, "test_loss": 0.86629331166094, "_wandb": {"runtime": 207}}