{"epoch": 199, "train_acc": 0.6118109441616318, "train_loss": 0.6117785769430074, "_timestamp": 1705232963.072147, "_runtime": 2791.693867921829, "_step": 399, "test_mae": 0.6843389863317663, "test_loss": 0.7932963352311742, "_wandb": {"runtime": 2791}}