{"epoch": 149, "train_acc": 0.5922022610902786, "train_loss": 0.5708084258843552, "_timestamp": 1705214958.9714448, "_runtime": 216.43816494941711, "_step": 299, "test_mae": 0.6893389723517678, "test_loss": 0.8173634171485901, "_wandb": {"runtime": 215}}