{"epoch": 99, "train_acc": 0.6970716638998552, "train_loss": 0.7868264005942778, "_timestamp": 1705243442.7138908, "_runtime": 147.13204288482666, "_step": 199, "test_mae": 0.7312065958976746, "test_loss": 0.8730750544504686, "_wandb": {"runtime": 146}}