{"epoch": 99, "train_acc": 0.7423091411590577, "train_loss": 0.8692869607020508, "_timestamp": 1705221841.1549053, "_runtime": 143.88479137420654, "_step": 199, "test_mae": 0.7247460641644218, "test_loss": 0.8766690974885767, "_wandb": {"runtime": 143}}