{"epoch": 99, "train_acc": 0.6966067964380438, "train_loss": 0.7913022458553314, "_timestamp": 1705243099.889677, "_runtime": 143.83755707740784, "_step": 199, "test_mae": 0.7033201748674566, "test_loss": 0.8198479782451283, "_wandb": {"runtime": 143}}