{"epoch": 149, "train_acc": 0.6423557994040576, "train_loss": 0.6725501350381158, "_timestamp": 1705241701.992296, "_runtime": 207.46590900421143, "_step": 299, "test_mae": 0.6896788770502263, "test_loss": 0.8195704579353332, "_wandb": {"runtime": 207}}