{"epoch": 99, "train_acc": 0.7012345263903791, "train_loss": 0.8014323027973825, "_timestamp": 1705200583.2417166, "_runtime": 143.06645274162292, "_step": 199, "test_mae": 0.707100064646114, "test_loss": 0.8420481245626102, "_wandb": {"runtime": 142}}