{"epoch": 99, "train_acc": 0.6635794084180485, "train_loss": 0.7189999874342572, "_timestamp": 1705220666.757518, "_runtime": 146.56964898109436, "_step": 199, "test_mae": 0.6965504592115229, "test_loss": 0.806934774463827, "_wandb": {"runtime": 146}}