{"epoch": 199, "train_acc": 0.6025156533176249, "train_loss": 0.5913894333622672, "_timestamp": 1705212711.5544956, "_runtime": 274.7168655395508, "_step": 399, "test_mae": 0.7036561716686596, "test_loss": 0.79975954673507, "_wandb": {"runtime": 274}}