{"epoch": 199, "train_acc": 0.5778647207401015, "train_loss": 0.5605395388196815, "_timestamp": 1705205325.4872177, "_runtime": 274.3241157531738, "_step": 399, "test_mae": 0.6642428549853239, "test_loss": 0.7383911807428707, "_wandb": {"runtime": 273}}