{"epoch": 149, "train_acc": 0.6940092755989595, "train_loss": 0.7710345355624503, "_timestamp": 1705240275.5474672, "_runtime": 212.9718701839447, "_step": 299, "test_mae": 0.7326255922967737, "test_loss": 0.8583331444046715, "_wandb": {"runtime": 212}}