{"epoch": 199, "train_acc": 0.5387206076221033, "train_loss": 0.4814456068995324, "_timestamp": 1705166232.4517791, "_runtime": 325.13249015808105, "_step": 399, "test_mae": 0.670919056372209, "test_loss": 0.7698451250791549, "_wandb": {"runtime": 324}}