{"epoch": 149, "train_acc": 0.6127035460688851, "train_loss": 0.6132000957023014, "_timestamp": 1705213492.1032023, "_runtime": 207.93654942512512, "_step": 299, "test_mae": 0.6761033139445565, "test_loss": 0.8052734659476714, "_wandb": {"runtime": 207}}