{"epoch": 199, "train_acc": 0.5893751159310341, "train_loss": 0.581435150788589, "_timestamp": 1705210888.2687774, "_runtime": 277.1992983818054, "_step": 399, "test_mae": 0.6751180583780462, "test_loss": 0.7980190445076335, "_wandb": {"runtime": 276}}