{"epoch": 149, "train_acc": 0.6376927833665501, "train_loss": 0.6678130383857271, "_timestamp": 1705219440.6198852, "_runtime": 218.47635221481323, "_step": 299, "test_mae": 0.6960241772911765, "test_loss": 0.7883383642543446, "_wandb": {"runtime": 217}}