{"epoch": 99, "train_acc": 0.7248476600105113, "train_loss": 0.8460138363594358, "_timestamp": 1705202930.590118, "_runtime": 139.32250595092773, "_step": 199, "test_mae": 0.7325758489695462, "test_loss": 0.8474388285116716, "_wandb": {"runtime": 138}}