{"epoch": 99, "train_acc": 0.744440618428317, "train_loss": 0.886429171060974, "_timestamp": 1705222344.3645449, "_runtime": 142.62727689743042, "_step": 199, "test_mae": 0.7349798814816908, "test_loss": 0.9001209058544852, "_wandb": {"runtime": 142}}