{"epoch": 149, "train_acc": 0.6787061693993481, "train_loss": 0.7481500468470833, "_timestamp": 1705215444.8041556, "_runtime": 213.92582654953003, "_step": 299, "test_mae": 0.734058474410664, "test_loss": 0.8907598051157865, "_wandb": {"runtime": 213}}