{"epoch": 149, "train_acc": 0.6911082301627506, "train_loss": 0.7636117871512066, "_timestamp": 1705239322.5882366, "_runtime": 202.01072549819946, "_step": 299, "test_mae": 0.7404481931166216, "test_loss": 0.8987274611538106, "_wandb": {"runtime": 201}}