{"epoch": 149, "train_acc": 0.6056505363095891, "train_loss": 0.6033442396331917, "_timestamp": 1705194144.5884364, "_runtime": 207.171311378479, "_step": 299, "test_mae": 0.6656846143982628, "test_loss": 0.7590465681119398, "_wandb": {"runtime": 206}}