{"epoch": 149, "train_acc": 0.6258342476053671, "train_loss": 0.6367017578672279, "_timestamp": 1705217556.6732905, "_runtime": 211.96692752838135, "_step": 299, "test_mae": 0.673006759448485, "test_loss": 0.7629863814874129, "_wandb": {"runtime": 211}}