{"epoch": 149, "train_acc": 0.6048997251824899, "train_loss": 0.6029415719211102, "_timestamp": 1705214715.8480415, "_runtime": 220.00973844528198, "_step": 299, "test_mae": 0.6967316188595511, "test_loss": 0.8057629433545199, "_wandb": {"runtime": 219}}