{"epoch": 199, "train_acc": 0.6130470675500956, "train_loss": 0.6145630446347323, "_timestamp": 1705192356.9505217, "_runtime": 283.18965458869934, "_step": 399, "test_mae": 0.6830786249854348, "test_loss": 0.7914876108819788, "_wandb": {"runtime": 279}}