{"epoch": 99, "train_acc": 0.6859102995558218, "train_loss": 0.7622796576131474, "_timestamp": 1705201771.7817893, "_runtime": 149.8989384174347, "_step": 199, "test_mae": 0.7079360853541982, "test_loss": 0.8173213522542607, "_wandb": {"runtime": 149}}