{"epoch": 99, "train_acc": 0.6803284141150387, "train_loss": 0.747876164926724, "_timestamp": 1705201427.717538, "_runtime": 145.15239310264587, "_step": 199, "test_mae": 0.7025342193516818, "test_loss": 0.8126122360879725, "_wandb": {"runtime": 144}}