{"epoch": 149, "train_acc": 0.6254327454350211, "train_loss": 0.6434049346230247, "_timestamp": 1705199312.0137765, "_runtime": 205.18676853179932, "_step": 299, "test_mae": 0.6842802513729442, "test_loss": 0.7820976398207925, "_wandb": {"runtime": 204}}