{"epoch": 199, "train_acc": 0.5826643763618036, "train_loss": 0.5573064363815567, "_timestamp": 1705224804.3346813, "_runtime": 309.8498432636261, "_step": 399, "test_mae": 0.6890259330922907, "test_loss": 0.8031281091950156, "_wandb": {"runtime": 309}}