{"epoch": 199, "train_acc": 0.6413385242223739, "train_loss": 0.6703283322128383, "_timestamp": 1705229495.2612379, "_runtime": 301.8884937763214, "_step": 399, "test_mae": 0.6984943568706512, "test_loss": 0.8162919380448082, "_wandb": {"runtime": 301}}