{"epoch": 199, "train_acc": 0.5843086452646689, "train_loss": 0.5619076771492307, "_timestamp": 1705167965.3090231, "_runtime": 316.2287001609802, "_step": 399, "test_mae": 0.6831838661974127, "test_loss": 0.7853270666165786, "_wandb": {"runtime": 315}}