{"epoch": 99, "train_acc": 0.7366719482974573, "train_loss": 0.8556909831410104, "_timestamp": 1705202107.4397411, "_runtime": 143.372230052948, "_step": 199, "test_mae": 0.7644476299936122, "test_loss": 0.945484167879278, "_wandb": {"runtime": 142}}