{"epoch": 199, "train_acc": 0.6438104449348017, "train_loss": 0.6757857609878887, "_timestamp": 1705168653.687068, "_runtime": 314.9916470050812, "_step": 399, "test_mae": 0.6946755290031433, "test_loss": 0.8192643482576717, "_wandb": {"runtime": 314}}