{"epoch": 149, "train_acc": 0.6650562191551382, "train_loss": 0.7250914337282831, "_timestamp": 1705217322.0192683, "_runtime": 209.63544416427612, "_step": 299, "test_mae": 0.6971231617710807, "test_loss": 0.8330736339092255, "_wandb": {"runtime": 209}}