{"epoch": 149, "train_acc": 0.6291425565427, "train_loss": 0.6426276422698389, "_timestamp": 1705240511.6606698, "_runtime": 211.9778127670288, "_step": 299, "test_mae": 0.6967695122415369, "test_loss": 0.8141560687260194, "_wandb": {"runtime": 211}}