{"epoch": 149, "train_acc": 0.6729913861914114, "train_loss": 0.7315272867679596, "_timestamp": 1705238623.3097446, "_runtime": 209.44601368904114, "_step": 299, "test_mae": 0.7022191876714879, "test_loss": 0.8358802128921855, "_wandb": {"runtime": 209}}