{"epoch": 99, "train_acc": 0.7214801039208065, "train_loss": 0.8449011673304168, "_timestamp": 1705204234.5897548, "_runtime": 138.26362586021423, "_step": 199, "test_mae": 0.7316457786343314, "test_loss": 0.8493806367570703, "_wandb": {"runtime": 137}}