{"epoch": 99, "train_acc": 0.7482121899724007, "train_loss": 0.878547035699541, "_timestamp": 1705202769.9753551, "_runtime": 141.09918022155762, "_step": 199, "test_mae": 0.7427581337365237, "test_loss": 0.8967825456099077, "_wandb": {"runtime": 140}}