{"epoch": 199, "train_acc": 0.6259084421125325, "train_loss": 0.6419241979040883, "_timestamp": 1705235175.827296, "_runtime": 322.9495539665222, "_step": 399, "test_mae": 0.7148515376177701, "test_loss": 0.8277655010873621, "_wandb": {"runtime": 322}}