{"epoch": 149, "train_acc": 0.6335120996290987, "train_loss": 0.6589532457969406, "_timestamp": 1705214473.8058596, "_runtime": 226.2602436542511, "_step": 299, "test_mae": 0.6958967880769209, "test_loss": 0.8019812334667552, "_wandb": {"runtime": 224}}