{"epoch": 149, "train_acc": 0.6295780428431251, "train_loss": 0.6477612682364203, "_timestamp": 1705218268.4026613, "_runtime": 218.13131022453308, "_step": 299, "test_mae": 0.7079400739886544, "test_loss": 0.833056550134312, "_wandb": {"runtime": 217}}