{"epoch": 149, "train_acc": 0.6326920774849978, "train_loss": 0.6580601947551424, "_timestamp": 1705237400.8325107, "_runtime": 222.50124669075012, "_step": 299, "test_mae": 0.6795484559102491, "test_loss": 0.7766723256219518, "_wandb": {"runtime": 222}}