{"epoch": 149, "train_acc": 0.7046967166391286, "train_loss": 0.8039771580560641, "_timestamp": 1705216376.0674052, "_runtime": 205.10205125808716, "_step": 299, "test_mae": 0.7431923812085932, "test_loss": 0.913506083054976, "_wandb": {"runtime": 204}}