{"epoch": 99, "train_acc": 0.6901212574406104, "train_loss": 0.7657940024679357, "_timestamp": 1705220155.898984, "_runtime": 150.62922406196594, "_step": 199, "test_mae": 0.6728582160039381, "test_loss": 0.7474492639303207, "_wandb": {"runtime": 150}}