{"epoch": 99, "train_acc": 0.6820646248080514, "train_loss": 0.7593597993254662, "_timestamp": 1705200918.8724887, "_runtime": 144.9317388534546, "_step": 199, "test_mae": 0.7090265740047802, "test_loss": 0.8239991849119013, "_wandb": {"runtime": 144}}