{"epoch": 99, "train_acc": 0.7277176163413308, "train_loss": 0.8391449800269171, "_timestamp": 1705221673.0803978, "_runtime": 142.07470893859863, "_step": 199, "test_mae": 0.7312742856415835, "test_loss": 0.8715561498295177, "_wandb": {"runtime": 141}}