{"epoch": 149, "train_acc": 0.6441357017918067, "train_loss": 0.6752011516554789, "_timestamp": 1705242421.9732437, "_runtime": 213.58887267112732, "_step": 299, "test_mae": 0.7040357129140333, "test_loss": 0.8164364234967665, "_wandb": {"runtime": 213}}