{"epoch": 98, "train_acc": 0.7463716492056847, "train_loss": 0.884401145983826, "_timestamp": 1705244139.6412318, "_runtime": 140.1518247127533, "_step": 197, "test_mae": 0.7787671842358329, "test_loss": 1.0037905384193768}