{"epoch": 99, "train_acc": 0.7276993465694515, "train_loss": 0.8469505755061453, "_timestamp": 1705244140.8353527, "_runtime": 141.34594559669495, "_step": 199, "test_mae": 0.7417471766471863, "test_loss": 0.9320314369418404, "_wandb": {"runtime": 140}}