{"epoch": 55, "train_acc": 0.8661293241110715, "train_loss": 1.1713678175752813, "_timestamp": 1705244081.4403248, "_runtime": 81.95091772079468, "_step": 111, "test_mae": 0.7994450103152883, "test_loss": 1.0149557839740406}