{"epoch": 199, "train_acc": 0.5591389550404116, "train_loss": 0.5169059075415134, "_timestamp": 1705225134.1244366, "_runtime": 303.21546053886414, "_step": 399, "test_mae": 0.6561441199346022, "test_loss": 0.7541170315309005, "_wandb": {"runtime": 302}}