{"epoch": 99, "train_acc": 0.741241254047914, "train_loss": 0.8777238527482206, "_timestamp": 1705221169.3998172, "_runtime": 137.8989541530609, "_step": 199, "test_mae": 0.7486881537870927, "test_loss": 0.9104572279886766, "_wandb": {"runtime": 137}}