{"epoch": 199, "train_acc": 0.5487235911867835, "train_loss": 0.4932413676245646, "_timestamp": 1705205626.8620217, "_runtime": 277.1766285896301, "_step": 399, "test_mae": 0.6644138872623444, "test_loss": 0.7773618391968987, "_wandb": {"runtime": 276}}