{"epoch": 178, "train_acc": 0.5839817469770258, "train_loss": 0.5662962694737044, "_timestamp": 1705166549.9351704, "_runtime": 290.1537334918976, "_step": 357, "test_mae": 0.679357851635326, "test_loss": 0.764390911839225}