{"epoch": 199, "train_acc": 0.5740334449843927, "train_loss": 0.5492874333804304, "_timestamp": 1705166583.029448, "_runtime": 323.24801111221313, "_step": 399, "test_mae": 0.6806127429008484, "test_loss": 0.768619380755858, "_wandb": {"runtime": 322}}