{"epoch": 99, "train_acc": 0.7225791088559411, "train_loss": 0.8290098287165165, "_timestamp": 1705223578.9555748, "_runtime": 155.1200397014618, "_step": 199, "test_mae": 0.7337408092888918, "test_loss": 0.8770503921942278, "_wandb": {"runtime": 154}}