{"epoch": 199, "train_acc": 0.6232321798801422, "train_loss": 0.6343367853625255, "_timestamp": 1705228480.071269, "_runtime": 316.0892860889435, "_step": 399, "test_mae": 0.7069568888707595, "test_loss": 0.8665470123291016, "_wandb": {"runtime": 315}}