{"epoch": 199, "train_acc": 0.638210810043595, "train_loss": 0.6705011526292021, "_timestamp": 1705190222.5421994, "_runtime": 280.3784682750702, "_step": 399, "test_mae": 0.7079023014415394, "test_loss": 0.8499123925512487, "_wandb": {"runtime": 279}}