{"epoch": 99, "train_acc": 0.7127994038841942, "train_loss": 0.8192774255167354, "_timestamp": 1705223025.6085696, "_runtime": 153.6147015094757, "_step": 199, "test_mae": 0.750355763868852, "test_loss": 0.9113295538858934, "_wandb": {"runtime": 153}}