{"epoch": 149, "train_acc": 0.6691209234974601, "train_loss": 0.7323907460001382, "_timestamp": 1705196753.927942, "_runtime": 212.1210811138153, "_step": 299, "test_mae": 0.699673490632664, "test_loss": 0.8149074307896874, "_wandb": {"runtime": 211}}