{"epoch": 149, "train_acc": 0.618876235593449, "train_loss": 0.6242770883847367, "_timestamp": 1705199776.8338935, "_runtime": 207.1491346359253, "_step": 299, "test_mae": 0.6916959968480196, "test_loss": 0.79307262301445, "_wandb": {"runtime": 206}}