{"epoch": 199, "train_acc": 0.6537446653301066, "train_loss": 0.6868464260616086, "_timestamp": 1705210278.8044543, "_runtime": 276.63378143310547, "_step": 399, "test_mae": 0.7215584803711285, "test_loss": 0.8761372029781341, "_wandb": {"runtime": 276}}