{"epoch": 199, "train_acc": 0.5911487160758538, "train_loss": 0.575572710687464, "_timestamp": 1705210583.5672185, "_runtime": 280.68775057792664, "_step": 399, "test_mae": 0.6759883978150107, "test_loss": 0.8003663268956271, "_wandb": {"runtime": 280}}