{"epoch": 149, "train_acc": 0.593432484025305, "train_loss": 0.5872671975330873, "_timestamp": 1705195091.813005, "_runtime": 213.53089594841003, "_step": 299, "test_mae": 0.6728217926892367, "test_loss": 0.7518795029683547, "_wandb": {"runtime": 213}}