{"epoch": 99, "train_acc": 0.6909455562179739, "train_loss": 0.7779242329976775, "_timestamp": 1705243972.9664848, "_runtime": 143.9506938457489, "_step": 199, "test_mae": 0.7322200227867474, "test_loss": 0.8760826083746823, "_wandb": {"runtime": 143}}