{"epoch": 149, "train_acc": 0.6821909966793928, "train_loss": 0.7439492464065551, "_timestamp": 1705198613.1240575, "_runtime": 203.96257257461548, "_step": 299, "test_mae": 0.7129093576561321, "test_loss": 0.8440851915966381, "_wandb": {"runtime": 203}}