{"epoch": 99, "train_acc": 0.7512541663917628, "train_loss": 0.890967760709199, "_timestamp": 1705222176.6174095, "_runtime": 142.94780254364014, "_step": 199, "test_mae": 0.7615009632977572, "test_loss": 0.9733080712231723, "_wandb": {"runtime": 142}}