{"epoch": 99, "train_acc": 0.7048058761791749, "train_loss": 0.802611130475998, "_timestamp": 1705201258.5192177, "_runtime": 146.0197286605835, "_step": 199, "test_mae": 0.7344865116206083, "test_loss": 0.8762958729808981, "_wandb": {"runtime": 145}}