{"epoch": 199, "train_acc": 0.6390268128026616, "train_loss": 0.6787309655411677, "_timestamp": 1705208415.221468, "_runtime": 287.57757806777954, "_step": 399, "test_mae": 0.7074193168770183, "test_loss": 0.8377315299077468, "_wandb": {"runtime": 287}}