{"epoch": 199, "train_acc": 0.5667311914942481, "train_loss": 0.5259664255787025, "_timestamp": 1705226475.1723304, "_runtime": 310.98962235450745, "_step": 399, "test_mae": 0.6432286240837791, "test_loss": 0.7121799934994091, "_wandb": {"runtime": 309}}