{"epoch": 149, "train_acc": 0.6744603176008571, "train_loss": 0.7309785320677541, "_timestamp": 1705197218.8890114, "_runtime": 203.60560631752014, "_step": 299, "test_mae": 0.7549800834872505, "test_loss": 0.9353560677983545, "_wandb": {"runtime": 203}}