{"epoch": 149, "train_acc": 0.5865938737988472, "train_loss": 0.5683942181142894, "_timestamp": 1705213969.8541708, "_runtime": 217.99487471580505, "_step": 299, "test_mae": 0.6564117805524305, "test_loss": 0.7222453637556596, "_wandb": {"runtime": 217}}