{"epoch": 149, "train_acc": 0.6892357916994528, "train_loss": 0.7605501428923823, "_timestamp": 1705197447.3853562, "_runtime": 206.79546427726746, "_step": 299, "test_mae": 0.7386005141518333, "test_loss": 0.885504666783593, "_wandb": {"runtime": 206}}