{"epoch": 99, "train_acc": 0.7055960403247313, "train_loss": 0.8000682229345495, "_timestamp": 1705223209.0408258, "_runtime": 157.06259179115295, "_step": 199, "test_mae": 0.7090555006807501, "test_loss": 0.824699653820558, "_wandb": {"runtime": 156}}