{"epoch": 199, "train_acc": 0.6119199334220453, "train_loss": 0.6168428141962398, "_timestamp": 1705191425.2973046, "_runtime": 283.72579073905945, "_step": 399, "test_mae": 0.7039332211017608, "test_loss": 0.819261481274258, "_wandb": {"runtime": 283}}