{"epoch": 99, "train_acc": 0.7134653779593381, "train_loss": 0.8169976779005744, "_timestamp": 1705220322.1420534, "_runtime": 143.6607973575592, "_step": 199, "test_mae": 0.7185989824208346, "test_loss": 0.8320499322631142, "_wandb": {"runtime": 143}}