{"epoch": 99, "train_acc": 0.6750594022599133, "train_loss": 0.7519480281255462, "_timestamp": 1705242594.882491, "_runtime": 149.20144200325012, "_step": 199, "test_mae": 0.6847581874240528, "test_loss": 0.7995796791531823, "_wandb": {"runtime": 148}}