{"epoch": 99, "train_acc": 0.6597942303527485, "train_loss": 0.7055063449523665, "_timestamp": 1705243624.485995, "_runtime": 148.99140095710754, "_step": 199, "test_mae": 0.6730676060373133, "test_loss": 0.7524748257615349, "_wandb": {"runtime": 148}}