{"epoch": 199, "train_acc": 0.551283150640401, "train_loss": 0.5007959884676066, "_timestamp": 1705224466.095254, "_runtime": 307.86943888664246, "_step": 399, "test_mae": 0.6526000207120722, "test_loss": 0.7230426514690572, "_wandb": {"runtime": 307}}