{"epoch": 199, "train_acc": 0.6043756094845858, "train_loss": 0.6029570343142207, "_timestamp": 1705213017.8563945, "_runtime": 281.5405116081238, "_step": 399, "test_mae": 0.6873369536616586, "test_loss": 0.8042008123614571, "_wandb": {"runtime": 281}}