{"epoch": 99, "train_acc": 0.746113842996684, "train_loss": 0.8818807778033343, "_timestamp": 1705201938.2982395, "_runtime": 140.1019184589386, "_step": 199, "test_mae": 0.7329726430502805, "test_loss": 0.8915701454335992, "_wandb": {"runtime": 139}}