{"epoch": 99, "train_acc": 0.7441690923138098, "train_loss": 0.8646809953180227, "_timestamp": 1705221330.4905837, "_runtime": 139.27828860282898, "_step": 199, "test_mae": 0.7356196912852201, "test_loss": 0.8901438913562081, "_wandb": {"runtime": 138}}