{"epoch": 149, "train_acc": 0.5935033498839899, "train_loss": 0.587085673822598, "_timestamp": 1705238156.3426385, "_runtime": 226.15872859954834, "_step": 299, "test_mae": 0.6510640995068984, "test_loss": 0.7253695059906352, "_wandb": {"runtime": 225}}