{"epoch": 99, "train_acc": 0.7380604708736593, "train_loss": 0.8639348330822858, "_timestamp": 1705202440.2356124, "_runtime": 139.96870636940002, "_step": 199, "test_mae": 0.7313746663657101, "test_loss": 0.887165858799761, "_wandb": {"runtime": 139}}