{"epoch": 199, "train_acc": 0.5600876380096782, "train_loss": 0.5284806494685736, "_timestamp": 1705226806.512741, "_runtime": 303.8901250362396, "_step": 399, "test_mae": 0.6342051793228496, "test_loss": 0.7064641109921715, "_wandb": {"runtime": 303}}