{"epoch": 99, "train_acc": 0.7467517408457669, "train_loss": 0.8858033123341473, "_timestamp": 1705203099.7772498, "_runtime": 142.9800887107849, "_step": 199, "test_mae": 0.741171194748445, "test_loss": 0.8876232082193548, "_wandb": {"runtime": 142}}