{"epoch": 199, "train_acc": 0.598687629672614, "train_loss": 0.5790027201175689, "_timestamp": 1705191733.1250255, "_runtime": 280.5974864959717, "_step": 399, "test_mae": 0.6853390845385465, "test_loss": 0.7713187469677492, "_wandb": {"runtime": 280}}