{"epoch": 149, "train_acc": 0.6693963592702692, "train_loss": 0.74517700123516, "_timestamp": 1705213726.1548676, "_runtime": 212.86251163482666, "_step": 299, "test_mae": 0.6961587569930336, "test_loss": 0.8190884313800119, "_wandb": {"runtime": 212}}