{"epoch": 149, "train_acc": 0.6082781784913757, "train_loss": 0.6058663835241036, "_timestamp": 1705195811.3098896, "_runtime": 212.0811996459961, "_step": 299, "test_mae": 0.6671544091268019, "test_loss": 0.7630090166221966, "_wandb": {"runtime": 211}}