{"epoch": 149, "train_acc": 0.6474325567483902, "train_loss": 0.6826020823960954, "_timestamp": 1705241938.7488565, "_runtime": 211.97824454307556, "_step": 299, "test_mae": 0.7042143946344203, "test_loss": 0.8111892236904664, "_wandb": {"runtime": 211}}