{"epoch": 199, "train_acc": 0.6560984186150811, "train_loss": 0.7045176221565767, "_timestamp": 1705228828.7936044, "_runtime": 315.87819743156433, "_step": 399, "test_mae": 0.7062282621860504, "test_loss": 0.8287131271579049, "_wandb": {"runtime": 315}}