{"epoch": 3, "train_acc": 1.4709488516504114, "train_loss": 3.4366602274504574, "_timestamp": 1705228524.591789, "_runtime": 11.676382064819336, "_step": 7, "test_mae": 1.0352731531316584, "test_loss": 1.7764749234372919}