{"epoch": 199, "train_acc": 0.5996270296248523, "train_loss": 0.5987926331433383, "_timestamp": 1705168315.1176922, "_runtime": 318.2359483242035, "_step": 399, "test_mae": 0.6983689373189753, "test_loss": 0.7943335974758322, "_wandb": {"runtime": 317}}