{"epoch": 99, "train_acc": 0.7064299250190909, "train_loss": 0.8049664996564388, "_timestamp": 1705203583.5524201, "_runtime": 138.62486624717712, "_step": 199, "test_mae": 0.7185145210136067, "test_loss": 0.8419683678583665, "_wandb": {"runtime": 138}}