{"epoch": 199, "train_acc": 0.549149249765006, "train_loss": 0.5013295172967694, "_timestamp": 1705167624.5689754, "_runtime": 318.6726813316345, "_step": 399, "test_mae": 0.6953589569438587, "test_loss": 0.8391400743614543, "_wandb": {"runtime": 318}}