{"epoch": 99, "train_acc": 0.7062292371283878, "train_loss": 0.7982221826910972, "_timestamp": 1705223762.4417152, "_runtime": 159.36950421333313, "_step": 199, "test_mae": 0.7253720185973428, "test_loss": 0.854320921681144, "_wandb": {"runtime": 158}}