{"epoch": 149, "train_acc": 0.6292074634270235, "train_loss": 0.6446055759760466, "_timestamp": 1705236902.319411, "_runtime": 230.72799110412598, "_step": 299, "test_mae": 0.6761271113699133, "test_loss": 0.7886522553183816, "_wandb": {"runtime": 230}}