{"epoch": 199, "train_acc": 0.5731838527050885, "train_loss": 0.5483482405543327, "_timestamp": 1705234825.5460389, "_runtime": 323.44878697395325, "_step": 399, "test_mae": 0.6857013799927452, "test_loss": 0.799378276142207, "_wandb": {"runtime": 322}}