{"epoch": 149, "train_acc": 0.6465282327749512, "train_loss": 0.6900354073806243, "_timestamp": 1705199544.312462, "_runtime": 206.2369260787964, "_step": 299, "test_mae": 0.7015406630255959, "test_loss": 0.8544472875920209, "_wandb": {"runtime": 205}}