{"epoch": 99, "train_acc": 0.6863990187644958, "train_loss": 0.7588655830784278, "_timestamp": 1705219789.9295244, "_runtime": 150.46835041046143, "_step": 199, "test_mae": 0.7058554069562392, "test_loss": 0.8105328890410337, "_wandb": {"runtime": 150}}