{"epoch": 199, "train_acc": 0.636891758441925, "train_loss": 0.6737799823961474, "_timestamp": 1705191108.108867, "_runtime": 271.7250850200653, "_step": 399, "test_mae": 0.6935065161098134, "test_loss": 0.8183606803417206, "_wandb": {"runtime": 271}}