{"epoch": 99, "train_acc": 0.7162648183378306, "train_loss": 0.8305334351279519, "_timestamp": 1705204728.1252701, "_runtime": 138.24644804000854, "_step": 199, "test_mae": 0.7119349875233391, "test_loss": 0.8424502985043959, "_wandb": {"runtime": 137}}