{"epoch": 149, "train_acc": 0.6422772771932862, "train_loss": 0.6741787810894576, "_timestamp": 1705219197.223139, "_runtime": 212.89069414138794, "_step": 299, "test_mae": 0.690675352378325, "test_loss": 0.7789823285558007, "_wandb": {"runtime": 212}}