{"epoch": 99, "train_acc": 0.7241482744162733, "train_loss": 0.83887475525791, "_timestamp": 1705223394.8537953, "_runtime": 158.06342029571533, "_step": 199, "test_mae": 0.7238860487937927, "test_loss": 0.8652068715203892, "_wandb": {"runtime": 157}}