{"epoch": 149, "train_acc": 0.689387597008185, "train_loss": 0.764378171549602, "_timestamp": 1705215681.6367393, "_runtime": 212.3685212135315, "_step": 299, "test_mae": 0.7374521791934967, "test_loss": 0.8748292299834165, "_wandb": {"runtime": 211}}