{"epoch": 199, "train_acc": 0.6348620865832676, "train_loss": 0.6643513442440466, "_timestamp": 1705209667.7350242, "_runtime": 287.28042125701904, "_step": 399, "test_mae": 0.6971047737381675, "test_loss": 0.8270240675319325, "_wandb": {"runtime": 286}}