{"epoch": 199, "train_acc": 0.6473871376026761, "train_loss": 0.6914725671437654, "_timestamp": 1705227475.9325302, "_runtime": 309.32523012161255, "_step": 399, "test_mae": 0.7066468753597953, "test_loss": 0.8304340660572052, "_wandb": {"runtime": 308}}