{"epoch": 99, "train_acc": 0.7074221792546186, "train_loss": 0.8076556746255268, "_timestamp": 1705242765.9987915, "_runtime": 145.93405652046204, "_step": 199, "test_mae": 0.7876950876279311, "test_loss": 1.0194457178766076, "_wandb": {"runtime": 145}}