{"epoch": 99, "train_acc": 0.6513677606528455, "train_loss": 0.6880334644832394, "_timestamp": 1705220836.306636, "_runtime": 146.69181418418884, "_step": 199, "test_mae": 0.6698402150110765, "test_loss": 0.7449456225741994, "_wandb": {"runtime": 146}}