{"epoch": 149, "train_acc": 0.6704457326368852, "train_loss": 0.7236733724447814, "_timestamp": 1705238391.2761936, "_runtime": 210.89926266670227, "_step": 299, "test_mae": 0.743743975054134, "test_loss": 0.8943210672248494, "_wandb": {"runtime": 210}}