{"epoch": 199, "train_acc": 0.6379673147743399, "train_loss": 0.6656168680976737, "_timestamp": 1705229167.0282164, "_runtime": 314.1229453086853, "_step": 399, "test_mae": 0.6827479460022666, "test_loss": 0.7991781088438901, "_wandb": {"runtime": 313}}