{"epoch": 199, "train_acc": 0.6116604756225239, "train_loss": 0.6109474986791611, "_timestamp": 1705211790.9333653, "_runtime": 280.4584834575653, "_step": 399, "test_mae": 0.6963445750149814, "test_loss": 0.8077053872021762, "_wandb": {"runtime": 280}}