{"epoch": 199, "train_acc": 0.6398454357277263, "train_loss": 0.669406269626184, "_timestamp": 1705209031.8325653, "_runtime": 280.6669762134552, "_step": 399, "test_mae": 0.6999733876098286, "test_loss": 0.8112777690995824, "_wandb": {"runtime": 280}}