{"epoch": 149, "train_acc": 0.5871744890104641, "train_loss": 0.5668219372630119, "_timestamp": 1705236643.6217391, "_runtime": 231.91645216941833, "_step": 299, "test_mae": 0.6481364672834223, "test_loss": 0.7152981587431647, "_wandb": {"runtime": 231}}