{"epoch": 149, "train_acc": 0.6872880568558519, "train_loss": 0.7621501024473797, "_timestamp": 1705216146.140575, "_runtime": 207.82867789268494, "_step": 299, "test_mae": 0.7431893733414736, "test_loss": 0.9025718369267204, "_wandb": {"runtime": 207}}