{"epoch": 99, "train_acc": 0.7116377459330993, "train_loss": 0.8109022958712144, "_timestamp": 1705223954.7114084, "_runtime": 158.5883023738861, "_step": 199, "test_mae": 0.7341236022385684, "test_loss": 0.8685189314863898, "_wandb": {"runtime": 158}}