{"epoch": 99, "train_acc": 0.7041059319268573, "train_loss": 0.8023404629393057, "_timestamp": 1705222678.1057293, "_runtime": 141.46991634368896, "_step": 199, "test_mae": 0.735935444723476, "test_loss": 0.8664104309949008, "_wandb": {"runtime": 141}}