{"epoch": 149, "train_acc": 0.6000852191990073, "train_loss": 0.5972670100629329, "_timestamp": 1705196043.1529996, "_runtime": 207.36800456047058, "_step": 299, "test_mae": 0.6883839666843414, "test_loss": 0.8011256282979792, "_wandb": {"runtime": 206}}