{"epoch": 149, "train_acc": 0.6051241346380928, "train_loss": 0.6003422859717499, "_timestamp": 1705236383.7579577, "_runtime": 229.9782907962799, "_step": 299, "test_mae": 0.6489074484868483, "test_loss": 0.7245735769922083, "_wandb": {"runtime": 229}}