{"epoch": 99, "train_acc": 0.7087914644317194, "train_loss": 0.8062860017473047, "_timestamp": 1705204073.90893, "_runtime": 137.01826310157776, "_step": 199, "test_mae": 0.7273166087540713, "test_loss": 0.8893142266706987, "_wandb": {"runtime": 136}}