{"epoch": 99, "train_acc": 0.7512281679294326, "train_loss": 0.8911681637167931, "_timestamp": 1705222504.84548, "_runtime": 139.24321389198303, "_step": 199, "test_mae": 0.7613731416788968, "test_loss": 0.936085684191097, "_wandb": {"runtime": 138}}