{"epoch": 99, "train_acc": 0.7230824656107209, "train_loss": 0.8458981165831739, "_timestamp": 1705220489.5301044, "_runtime": 144.48647451400757, "_step": 199, "test_mae": 0.7507018343968825, "test_loss": 0.953622402657162, "_wandb": {"runtime": 144}}