{"epoch": 149, "train_acc": 0.6642490128224546, "train_loss": 0.7185054894198071, "_timestamp": 1705217087.8759005, "_runtime": 212.96232843399048, "_step": 299, "test_mae": 0.7021903233094648, "test_loss": 0.830822775309736, "_wandb": {"runtime": 212}}