{"epoch": 149, "train_acc": 0.6233716985041445, "train_loss": 0.6470305211164734, "_timestamp": 1705217792.466208, "_runtime": 212.37548089027405, "_step": 299, "test_mae": 0.6853055487979542, "test_loss": 0.7931889864531431, "_wandb": {"runtime": 211}}