{"epoch": 99, "train_acc": 0.6881623352115804, "train_loss": 0.7576249942183495, "_timestamp": 1705219976.247641, "_runtime": 157.9750771522522, "_step": 199, "test_mae": 0.6842366391962225, "test_loss": 0.7903348543427208, "_wandb": {"runtime": 157}}