{"epoch": 149, "train_acc": 0.6234890053218062, "train_loss": 0.6442734214392576, "_timestamp": 1705215198.2559044, "_runtime": 218.00114846229553, "_step": 299, "test_mae": 0.6802450662309473, "test_loss": 0.7787694944576784, "_wandb": {"runtime": 217}}