{"epoch": 149, "train_acc": 0.7004684066230601, "train_loss": 0.7852767343548211, "_timestamp": 1705238866.07941, "_runtime": 211.09752106666565, "_step": 299, "test_mae": 0.7368278367952867, "test_loss": 0.89549435404214, "_wandb": {"runtime": 210}}