{"epoch": 99, "train_acc": 0.6742798155004328, "train_loss": 0.7363699914379553, "_timestamp": 1705200750.9896467, "_runtime": 142.49720358848572, "_step": 199, "test_mae": 0.6790654529224742, "test_loss": 0.7848635491999713, "_wandb": {"runtime": 142}}