{"epoch": 199, "train_acc": 0.6567573871124874, "train_loss": 0.6896371281959793, "_timestamp": 1705208095.7451992, "_runtime": 281.35847425460815, "_step": 399, "test_mae": 0.6999870744618503, "test_loss": 0.8122927863489497, "_wandb": {"runtime": 280}}