{"epoch": 199, "train_acc": 0.7471482203765349, "train_loss": 0.8963635422966697, "_timestamp": 1705156237.7134416, "_runtime": 309.95633363723755, "_step": 200, "test_mae": 0.710401926799254, "test_loss": 0.8206371935931119, "_wandb": {"runtime": 309}}