{"epoch": 99, "train_acc": 0.7350541601126844, "train_loss": 0.8523230474103581, "_timestamp": 1705202273.1596363, "_runtime": 141.0691432952881, "_step": 199, "test_mae": 0.7361931882121346, "test_loss": 0.8946357456120577, "_wandb": {"runtime": 140}}