{"epoch": 99, "train_acc": 0.6615856906229799, "train_loss": 0.7070848241448402, "_timestamp": 1705200406.9943607, "_runtime": 143.60995173454285, "_step": 199, "test_mae": 0.6959247784181075, "test_loss": 0.7908088050105355, "_wandb": {"runtime": 142}}