{"epoch": 149, "train_acc": 0.6308009608225389, "train_loss": 0.6522511102259159, "_timestamp": 1705218027.138798, "_runtime": 209.82963109016418, "_step": 299, "test_mae": 0.6797561986879869, "test_loss": 0.7778991040858355, "_wandb": {"runtime": 209}}