{"epoch": 199, "train_acc": 0.5908108189702034, "train_loss": 0.5752852948551829, "_timestamp": 1705211486.5973668, "_runtime": 275.6143388748169, "_step": 399, "test_mae": 0.68248997872526, "test_loss": 0.7782483664425937, "_wandb": {"runtime": 275}}